Series Name,Series Code,Country Name,Country Code,2000 [YR2000],2001 [YR2001],2002 [YR2002],2003 [YR2003],2004 [YR2004],2005 [YR2005],2006 [YR2006],2007 [YR2007],2008 [YR2008],2009 [YR2009],2010 [YR2010],2011 [YR2011],2012 [YR2012],2013 [YR2013],2014 [YR2014]
CO2 emissions (metric tons per capita),EN.ATM.CO2E.PC,Afghanistan,AFG,0.037234781,0.037846136,0.047377324,0.050481336,0.038410043,0.051743965,0.062427532,0.083892806,0.151720912,0.238398541,0.28998763,0.406424217,0.345148783,0.310341015,0.293946407
CO2 emissions (metric tons per capita),EN.ATM.CO2E.PC,Albania,ALB,0.978174681,1.053304176,1.229540709,1.412697196,1.376212735,1.412498211,1.302576367,1.322334855,1.484311139,1.495600199,1.578573584,1.803714725,1.692908325,1.749211079,1.978763312
CO2 emissions (metric tons per capita),EN.ATM.CO2E.PC,Algeria,DZA,2.830379965,2.677772173,2.822388898,2.838319656,2.707388281,3.236168271,3.004365149,3.202067336,3.173224552,3.435787368,3.312560602,3.30557127,3.477108092,3.525557358,3.735520147
CO2 emissions (metric tons per capita),EN.ATM.CO2E.PC,American Samoa,ASM,..,..,..,..,..,..,..,..,..,..,..,..,..,..,..
CO2 emissions (metric tons per capita),EN.ATM.CO2E.PC,Andorra,AND,8.019284294,7.786950001,7.590615141,7.315760706,7.358624941,7.299871936,6.746052128,6.519387064,6.427809974,6.121579863,6.122594702,5.867410176,5.916884031,5.901775324,5.832906215
CO2 emissions (metric tons per capita),EN.ATM.CO2E.PC,Angola,AGO,0.581961496,0.574316054,0.722958875,0.500225396,1.001878117,0.985736355,1.105019027,1.203134,1.185000494,1.234425074,1.244091538,1.252680841,1.330218567,1.25377617,1.290306776
CO2 emissions (metric tons per capita),EN.ATM.CO2E.PC,Antigua and Barbuda,ATG,4.534545359,4.511798684,4.73040424,5.086633039,5.249265585,5.266543915,5.365000484,5.586080499,5.625221026,5.875925115,5.956979597,5.751963519,5.800097335,5.729937934,5.744419956
CO2 emissions (metric tons per capita),EN.ATM.CO2E.PC,Argentina,ARG,3.854991948,3.587350317,3.309683688,3.546088324,4.094082917,4.168128548,4.465186021,4.414246417,4.718224428,4.445387803,4.607163748,4.64437307,4.609179856,4.498539995,4.781507775
CO2 emissions (metric tons per capita),EN.ATM.CO2E.PC,Armenia,ARM,1.128917501,1.161155504,1.00317471,1.136090873,1.214707803,1.46002558,1.481274594,1.726828042,1.911933411,1.509669013,1.46561782,1.709501839,1.974479488,1.897040086,1.898719374
CO2 emissions (metric tons per capita),EN.ATM.CO2E.PC,Aruba,ABW,26.19487524,25.93402441,25.67116178,26.42045209,26.51729342,27.20070778,26.94772597,27.89502282,26.22955267,25.91532206,24.67052887,24.50751622,13.15772231,8.353561008,8.410064178
CO2 emissions (metric tons per capita),EN.ATM.CO2E.PC,Australia,AUS,17.20060983,16.73336743,17.37045177,16.90195895,17.02651535,17.16971145,17.65139831,17.86526004,18.16087566,18.20018196,17.74084505,17.53887776,17.07290468,16.09583317,15.38876602
CO2 emissions (metric tons per capita),EN.ATM.CO2E.PC,Austria,AUT,7.774259739,8.192769898,8.299115796,8.889562334,8.858363703,9.020169598,8.727297872,8.406418936,8.295095978,7.518751102,8.071131802,7.748134305,7.387077163,7.368748145,6.86986793
CO2 emissions (metric tons per capita),EN.ATM.CO2E.PC,Azerbaijan,AZE,3.666271029,3.547105484,3.623944346,3.718169927,3.863229639,4.091801927,4.616299863,3.5553401,4.051383481,3.565668218,3.388225879,3.646179877,3.82487717,3.785068836,3.931560609
CO2 emissions (metric tons per capita),EN.ATM.CO2E.PC,"Bahamas, The",BHS,5.597984909,5.186327317,5.125170643,4.848282976,5.40458585,5.361787729,5.029160235,5.010498268,4.353269456,4.69907667,4.659400691,5.190829781,5.416022157,7.630261896,6.520069719
CO2 emissions (metric tons per capita),EN.ATM.CO2E.PC,Bahrain,BHR,28.05103737,19.96611831,21.3541623,21.14848827,21.10026101,21.60202842,19.64700684,25.91525689,26.70698996,23.81076404,23.58551891,22.41540397,20.51917507,23.81127184,23.45540632
CO2 emissions (metric tons per capita),EN.ATM.CO2E.PC,Bangladesh,BGD,0.218311676,0.249496048,0.254435017,0.264649839,0.275239624,0.283948492,0.308980964,0.311100407,0.343107445,0.368245967,0.406145623,0.42481293,0.447035185,0.456320609,0.47365761
CO2 emissions (metric tons per capita),EN.ATM.CO2E.PC,Barbados,BRB,4.375846638,4.481141284,4.492804242,4.62503782,4.702238416,4.896888786,4.942600648,4.89459634,5.789738021,5.752842364,5.237995825,5.403566242,5.18317589,5.094918676,4.467476521
CO2 emissions (metric tons per capita),EN.ATM.CO2E.PC,Belarus,BLR,5.389745291,5.314049012,5.311929657,5.464145912,5.977157999,6.122471586,6.462446658,6.330314039,6.623163555,6.439684267,6.64269666,6.762517349,6.67999159,6.736652251,6.701957705
CO2 emissions (metric tons per capita),EN.ATM.CO2E.PC,Belgium,BEL,11.2296677,11.13371551,10.3854951,10.88211417,10.66129022,10.35539299,10.151039,9.744777191,9.751984809,9.249615685,10.17146522,9.054330011,8.56287875,8.689543091,8.328159898
CO2 emissions (metric tons per capita),EN.ATM.CO2E.PC,Belize,BLZ,1.601342418,1.753974508,1.649170281,1.606035075,1.419035529,1.485923185,1.523044393,1.594214531,1.422230406,1.864645405,1.671656371,1.821080012,1.410384615,1.484980403,1.400941234
CO2 emissions (metric tons per capita),EN.ATM.CO2E.PC,Benin,BEN,0.232860969,0.256497596,0.285000234,0.313037269,0.323642156,0.299985405,0.471266952,0.531738861,0.507237101,0.521063069,0.553283259,0.559691697,0.56234192,0.580952959,0.61420609
CO2 emissions (metric tons per capita),EN.ATM.CO2E.PC,Bermuda,BMU,8.36199117,8.448227313,8.85974059,8.859865772,9.147364292,9.088334321,10.11617563,11.24603933,9.943759288,7.262934975,9.347122413,6.872359209,7.356862866,7.051814587,8.838314988
CO2 emissions (metric tons per capita),EN.ATM.CO2E.PC,Bhutan,BTN,0.670087865,0.637855344,0.678613287,0.601588942,0.482186549,0.610470467,0.596840632,0.590138612,0.627898805,0.573033791,0.711464428,1.057842371,1.165565585,1.295927562,1.392229534
CO2 emissions (metric tons per capita),EN.ATM.CO2E.PC,Bolivia,BOL,1.314642306,1.004764671,1.189084544,1.24555305,1.225562819,1.319869705,1.602553194,1.290181483,1.361717085,1.415267066,1.512986598,1.580913906,1.810942546,1.794477165,1.90636432
CO2 emissions (metric tons per capita),EN.ATM.CO2E.PC,Bosnia and Herzegovina,BIH,3.67562599,3.558116177,3.804157433,3.851050178,4.14708142,4.303598542,4.664794722,4.691454151,5.368241131,5.541816272,5.741760834,6.5243639,6.174441854,6.187911438,6.384938819
CO2 emissions (metric tons per capita),EN.ATM.CO2E.PC,Botswana,BWA,2.300613874,2.299158405,2.334035534,2.207306512,2.207851253,2.276743421,2.253041002,2.256363909,2.35260558,1.925951294,2.358418906,2.072396971,2.074828234,2.535297323,3.367451334
CO2 emissions (metric tons per capita),EN.ATM.CO2E.PC,Brazil,BRA,1.876441307,1.90429564,1.850682075,1.769005571,1.835946431,1.865977058,1.847654542,1.910334175,2.018593476,1.893620024,2.144736395,2.224711944,2.358548364,2.505408788,2.612933521
CO2 emissions (metric tons per capita),EN.ATM.CO2E.PC,British Virgin Islands,VGB,5.055191768,5.143555018,5.380141038,5.583748616,5.582430375,5.71307396,5.953169879,6.002595121,6.182626356,6.102851437,6.200942649,6.21547371,6.143664921,6.101709017,6.198316603
CO2 emissions (metric tons per capita),EN.ATM.CO2E.PC,Brunei Darussalam,BRN,14.14342743,13.25380109,12.62579373,12.99511737,13.90557072,13.70929354,13.13240048,22.44413479,24.03617354,20.47909645,21.10681443,24.62749182,24.22676314,19.29518002,22.2291779
CO2 emissions (metric tons per capita),EN.ATM.CO2E.PC,Bulgaria,BGR,5.328034342,5.800066474,5.695266947,6.084370085,6.064891808,6.256282044,6.445333272,6.925435282,6.772087541,5.731193724,5.964900206,6.71538056,6.119456526,5.450695963,5.871615869
CO2 emissions (metric tons per capita),EN.ATM.CO2E.PC,Burkina Faso,BFA,0.089716851,0.083504269,0.081733493,0.085194017,0.084705971,0.083875344,0.098375854,0.115526282,0.130556631,0.127633346,0.125717252,0.13749616,0.158662722,0.179131863,0.162018438
CO2 emissions (metric tons per capita),EN.ATM.CO2E.PC,Burundi,BDI,0.04254013,0.031468942,0.031724704,0.023352787,0.027765918,0.020912001,0.024582112,0.023786811,0.023465617,0.02270678,0.024515417,0.02701619,0.030538543,0.030365223,0.044699992
CO2 emissions (metric tons per capita),EN.ATM.CO2E.PC,Cabo Verde,CPV,0.50527572,0.538634731,0.620892604,0.684613162,0.722772039,0.950344685,1.008255004,1.065225445,0.976154329,1.077485611,1.131390388,1.234937537,1.001605194,0.974526525,0.948113817
CO2 emissions (metric tons per capita),EN.ATM.CO2E.PC,Cambodia,KHM,0.162605853,0.181496489,0.174678089,0.185116119,0.187188214,0.209134707,0.222560526,0.253313204,0.280759695,0.330179775,0.35024558,0.358090126,0.369169716,0.37289047,0.437653585
CO2 emissions (metric tons per capita),EN.ATM.CO2E.PC,Cameroon,CMR,0.221240439,0.21478626,0.20893307,0.225901762,0.229249619,0.208439099,0.211886527,0.311484739,0.287986298,0.339833528,0.33332691,0.275905671,0.285198098,0.306783421,0.308791722
CO2 emissions (metric tons per capita),EN.ATM.CO2E.PC,Canada,CAN,17.41463895,17.01842806,16.56039221,17.47884132,17.28827609,17.28759686,16.69635141,16.85532052,16.8745152,15.96140637,15.72334502,15.64133183,14.90621636,14.7410813,15.15892722
CO2 emissions (metric tons per capita),EN.ATM.CO2E.PC,Cayman Islands,CYM,11.00888826,10.68341869,10.75413993,10.61599331,9.645568035,9.602789225,9.53969255,10.9420811,10.8301694,10.07526843,9.835262564,10.13718511,9.080735439,8.933157579,8.91920852
CO2 emissions (metric tons per capita),EN.ATM.CO2E.PC,Central African Republic,CAF,0.073532858,0.066009622,0.064618813,0.060468193,0.059266517,0.058114364,0.060551681,0.060272129,0.059209298,0.058332152,0.060186452,0.063071953,0.066125464,0.066778524,0.067357126
CO2 emissions (metric tons per capita),EN.ATM.CO2E.PC,Chad,TCD,0.021065496,0.019860335,0.018702477,0.040683957,0.038799182,0.039587752,0.038924373,0.042710388,0.045576876,0.042506207,0.043259799,0.043608889,0.047899959,0.052978407,0.053407242
CO2 emissions (metric tons per capita),EN.ATM.CO2E.PC,Channel Islands,CHI,..,..,..,..,..,..,..,..,..,..,..,..,..,..,..
CO2 emissions (metric tons per capita),EN.ATM.CO2E.PC,Chile,CHL,3.833506699,3.43772838,3.517039182,3.508135131,3.73249299,3.82001803,3.963081057,4.333797151,4.300340466,3.956216401,4.234476106,4.59822558,4.653625241,4.736431087,4.6490622
CO2 emissions (metric tons per capita),EN.ATM.CO2E.PC,China,CHN,2.696862433,2.742120813,3.007083197,3.524074093,4.037990651,4.523178064,4.980314197,5.334909929,5.701915025,6.010102433,6.560520007,7.241515419,7.424750916,7.557211045,7.543907641
CO2 emissions (metric tons per capita),EN.ATM.CO2E.PC,Colombia,COL,1.461619449,1.397899149,1.361734624,1.384189912,1.30884744,1.429045579,1.456923175,1.427394162,1.53855823,1.623721057,1.684432619,1.675976701,1.735179477,1.927535805,1.790356827
CO2 emissions (metric tons per capita),EN.ATM.CO2E.PC,Comoros,COM,0.189314418,0.184706272,0.180298132,0.226353755,0.239461311,0.227828399,0.257569541,0.160026184,0.161805094,0.196081111,0.233942107,0.192025124,0.19756697,0.237376687,0.202812784
CO2 emissions (metric tons per capita),EN.ATM.CO2E.PC,"Congo, Dem. Rep.",COD,0.017281811,0.017264116,0.018602767,0.019181563,0.022595333,0.02737571,0.028452967,0.030049313,0.03077524,0.028009591,0.031294864,0.03735382,0.034799464,0.050309039,0.063330889
CO2 emissions (metric tons per capita),EN.ATM.CO2E.PC,"Congo, Rep.",COG,0.335345115,0.238166239,0.173912899,0.269084528,0.270548827,0.271271608,0.298636286,0.313142347,0.326342657,0.421068121,0.463337538,0.513982294,0.65856754,0.66791556,0.653359719
CO2 emissions (metric tons per capita),EN.ATM.CO2E.PC,Costa Rica,CRI,1.381705453,1.428049411,1.542475173,1.591302752,1.640325621,1.602680619,1.633748883,1.844061519,1.821535135,1.748029084,1.653498575,1.6708166,1.656720563,1.602246428,1.618087849
CO2 emissions (metric tons per capita),EN.ATM.CO2E.PC,Cote d'Ivoire,CIV,0.412726893,0.458455888,0.422848418,0.310243409,0.426478538,0.426346238,0.37305611,0.353478286,0.345647505,0.282074856,0.339322893,0.344751436,0.431418011,0.483786557,0.487688034
CO2 emissions (metric tons per capita),EN.ATM.CO2E.PC,Croatia,HRV,4.328211925,4.743616794,4.991418757,5.341070163,5.198168006,5.241676788,5.24384626,5.528298459,5.242211938,4.916384236,4.696195978,4.627629816,4.21645564,4.123953137,3.973804906
CO2 emissions (metric tons per capita),EN.ATM.CO2E.PC,Cuba,CUB,2.344271343,2.279749768,2.329599824,2.269590762,2.222618822,2.309299351,2.433758496,2.381519728,2.709220661,2.663028943,3.418468671,3.202722693,3.21189443,3.084347569,3.080994246
CO2 emissions (metric tons per capita),EN.ATM.CO2E.PC,Curacao,CUW,..,..,..,..,..,..,..,..,..,..,..,..,39.44566304,33.89940321,37.72628905
CO2 emissions (metric tons per capita),EN.ATM.CO2E.PC,Cyprus,CYP,7.347295105,7.12950131,7.187885122,7.798570398,7.258454011,7.300729228,7.449694741,7.704846138,7.930294398,7.386876948,6.92787243,6.601579968,6.096342351,5.199799627,5.260461605
CO2 emissions (metric tons per capita),EN.ATM.CO2E.PC,Czech Republic,CZE,12.07688904,12.10978725,11.7437029,11.97368903,11.4518445,11.76245004,11.92582928,11.97251522,11.23377283,10.30832179,10.65257862,10.18548225,9.611985879,9.384891603,9.165978376
CO2 emissions (metric tons per capita),EN.ATM.CO2E.PC,Denmark,DNK,9.613175554,9.875092348,9.68193193,10.38827349,9.362701019,8.690076931,10.11291416,9.20201511,8.543351098,8.058895601,8.40721667,7.296383208,6.514800847,6.862565032,5.935712482
CO2 emissions (metric tons per capita),EN.ATM.CO2E.PC,Djibouti,DJI,0.475248891,0.500262614,0.535119193,0.555137229,0.527521277,0.529037834,0.516892934,0.573643834,0.61089865,0.558141052,0.615387087,0.554126048,0.59558295,0.689150712,0.803830216
CO2 emissions (metric tons per capita),EN.ATM.CO2E.PC,Dominica,DMA,1.474170854,1.579219362,1.47022352,1.673951498,1.615143076,1.662355324,1.607469103,2.17549262,1.863865475,1.863234111,1.965997912,1.809817249,1.911914324,1.858905035,1.908686783
CO2 emissions (metric tons per capita),EN.ATM.CO2E.PC,Dominican Republic,DOM,2.336211672,2.304615367,2.444813767,2.430906034,2.040163268,2.048899025,2.146017882,2.267220596,2.189791897,2.112115223,2.168401096,2.163233335,2.227692001,2.13380484,2.11899467
CO2 emissions (metric tons per capita),EN.ATM.CO2E.PC,Ecuador,ECU,1.633810349,1.789962374,1.89830216,2.017035713,2.136325251,2.188925641,2.052671013,2.230483325,2.33000964,2.441287187,2.428931904,2.532808931,2.464793563,2.610035197,2.753266363
CO2 emissions (metric tons per capita),EN.ATM.CO2E.PC,"Egypt, Arab Rep.",EGY,2.053217709,1.78826769,1.779303147,2.031736645,2.034616425,2.213982578,2.323117698,2.417069964,2.493673565,2.548036898,2.449400701,2.569091847,2.511715329,2.414036933,2.232732005
CO2 emissions (metric tons per capita),EN.ATM.CO2E.PC,El Salvador,SLV,0.97530306,1.003520833,1.012984105,1.093234038,1.056793913,1.066389431,1.126145693,1.14289521,1.067489714,1.046321459,1.044262214,1.070477129,1.068134217,0.994280785,0.998428944
CO2 emissions (metric tons per capita),EN.ATM.CO2E.PC,Equatorial Guinea,GNQ,0.750119189,4.899658997,7.563649785,8.763451994,7.278259681,6.286691082,6.062617273,5.837303012,5.23102551,5.124695125,4.958561484,6.209189211,4.960734723,4.796612453,4.763967152
CO2 emissions (metric tons per capita),EN.ATM.CO2E.PC,Eritrea,ERI,0.26553732,0.265599089,0.243869752,0.279151687,0.283134477,0.271133872,0.19225894,0.193351924,0.135292491,0.164549091,0.161927307,0.18483484,..,..,..
CO2 emissions (metric tons per capita),EN.ATM.CO2E.PC,Estonia,EST,10.63625164,11.21670899,10.79350419,12.49335386,12.68399031,12.36701519,12.00996206,13.95488409,13.08183443,10.91432018,13.59968907,14.01673297,13.32400037,15.09371797,14.84881917
CO2 emissions (metric tons per capita),EN.ATM.CO2E.PC,Ethiopia,ETH,0.053600098,0.063861001,0.064460739,0.069101838,0.071325206,0.067051465,0.07012642,0.074545133,0.079340288,0.077785189,0.075147589,0.085715279,0.092340394,0.111487262,0.118240576
CO2 emissions (metric tons per capita),EN.ATM.CO2E.PC,Faroe Islands,FRO,14.7511715,16.22946145,15.37200686,15.46213527,15.71571429,15.1376514,14.19473971,14.41497125,13.18954412,12.04231509,13.19119923,11.88518077,12.34009155,14.16510064,12.46290659
CO2 emissions (metric tons per capita),EN.ATM.CO2E.PC,Fiji,FJI,1.039955315,1.297534785,1.093006254,1.285127856,1.654467757,1.334502997,1.470573882,1.38577596,1.058421195,0.92787918,1.420197065,1.261335643,1.225061816,1.330207207,1.350070921
CO2 emissions (metric tons per capita),EN.ATM.CO2E.PC,Finland,FIN,10.12847414,10.9967421,11.86067583,13.26109694,12.83267498,10.41643805,12.57063845,12.09848186,10.63715919,9.955194272,11.57528165,10.54447474,9.075433356,8.681780123,8.660721243
CO2 emissions (metric tons per capita),EN.ATM.CO2E.PC,France,FRA,5.946665463,6.153060599,6.068664472,6.115998108,6.120078568,6.099598855,5.906266386,5.76638535,5.690501857,5.438357063,5.428980862,5.077911102,5.075062341,5.062171964,4.573181595
CO2 emissions (metric tons per capita),EN.ATM.CO2E.PC,French Polynesia,PYF,2.36152082,2.769739233,2.842612824,3.047332244,2.97953061,3.174155653,3.161085782,3.112583311,3.193996842,3.193456084,3.220348652,3.109507729,3.026319898,3.038560563,2.955679873
CO2 emissions (metric tons per capita),EN.ATM.CO2E.PC,Gabon,GAB,3.821159921,3.815653063,3.549402902,3.517111594,3.461695456,3.515238226,2.917903831,2.796489822,2.748064588,2.708889764,2.962247097,2.951649467,2.917366699,2.906039445,2.756381782
CO2 emissions (metric tons per capita),EN.ATM.CO2E.PC,"Gambia, The",GMB,0.186452486,0.186036201,0.206295696,0.19979861,0.196027202,0.190031877,0.1935524,0.214673555,0.217074088,0.219141873,0.241304353,0.242066243,0.238690485,0.220351162,0.253640982
CO2 emissions (metric tons per capita),EN.ATM.CO2E.PC,Georgia,GEO,1.11256641,0.939044777,0.851651433,0.954857055,1.100845101,1.298612238,1.584796154,1.663381913,1.342567616,1.636221401,1.667568685,2.122236979,2.263802424,2.113793109,2.416460496
CO2 emissions (metric tons per capita),EN.ATM.CO2E.PC,Germany,DEU,10.09563988,10.3662867,10.0586725,9.969354525,9.898682369,9.666372234,9.911476012,9.488039888,9.506321178,8.818595562,9.279634012,9.12485921,9.199299757,9.39062342,8.889370395
CO2 emissions (metric tons per capita),EN.ATM.CO2E.PC,Ghana,GHA,0.326207375,0.350238104,0.366584428,0.367755038,0.34545677,0.320563088,0.418167076,0.427956066,0.387804781,0.318896741,0.401777969,0.387243552,0.456885977,0.549478567,0.531371738
CO2 emissions (metric tons per capita),EN.ATM.CO2E.PC,Gibraltar,GIB,10.73774817,10.90747421,10.85181609,10.9260943,11.6932398,12.032361,12.50974055,12.36300982,12.67534789,13.76558916,13.86657734,13.41904677,13.73244962,14.58441173,15.65746479
CO2 emissions (metric tons per capita),EN.ATM.CO2E.PC,Greece,GRC,8.47843382,8.636014274,8.591970187,8.760745127,8.867967195,8.980839448,8.827796219,8.892293442,8.662824281,8.277892345,7.540183868,7.189762915,7.247007359,6.33661459,6.180337268
CO2 emissions (metric tons per capita),EN.ATM.CO2E.PC,Greenland,GRL,9.461120996,9.566086957,9.522319772,9.366951467,10.24499657,10.69152542,11.04479163,11.28207939,11.71815083,10.2217389,11.66377295,12.44034101,10.00501672,9.803250536,8.989181988
CO2 emissions (metric tons per capita),EN.ATM.CO2E.PC,Grenada,GRD,1.854307469,1.882352371,1.981511859,2.080217297,1.967972246,2.067178796,2.201604834,2.265947333,2.39932294,2.391770411,2.450810953,2.369217948,2.525529103,2.81372839,2.222383427
CO2 emissions (metric tons per capita),EN.ATM.CO2E.PC,Guam,GUM,..,..,..,..,..,..,..,..,..,..,..,..,..,..,..
CO2 emissions (metric tons per capita),EN.ATM.CO2E.PC,Guatemala,GTM,0.851067438,0.891154224,0.90887707,0.866258954,0.908087138,0.959869359,0.94405189,0.92154596,0.816056671,0.827851793,0.797292859,0.791841059,0.784030453,0.874202519,1.151000836
CO2 emissions (metric tons per capita),EN.ATM.CO2E.PC,Guinea,GIN,0.199353213,0.204325347,0.21012677,0.214915002,0.217742097,0.20046652,0.203297045,0.206886477,0.224791637,0.227060669,0.255447904,0.266742837,0.242354579,0.211075838,0.219671873
CO2 emissions (metric tons per capita),EN.ATM.CO2E.PC,Guinea-Bissau,GNB,0.122100956,0.122521608,0.122773831,0.151445681,0.153548708,0.158139085,0.157052834,0.163665577,0.15712789,0.158153972,0.156544829,0.157191765,0.157648792,0.155734209,0.160335469
CO2 emissions (metric tons per capita),EN.ATM.CO2E.PC,Guyana,GUY,2.15586,2.140542347,2.122046647,2.1013537,2.183273728,1.92647451,1.729478269,2.092694454,2.086823144,2.094117033,2.29482304,2.369808039,2.640787187,2.549999012,2.632392779
CO2 emissions (metric tons per capita),EN.ATM.CO2E.PC,Haiti,HTI,0.16160472,0.182310256,0.208605747,0.194884352,0.219685761,0.225715823,0.226028956,0.251795831,0.248608108,0.231665885,0.21376934,0.219649971,0.225723617,0.23128811,0.271140187
CO2 emissions (metric tons per capita),EN.ATM.CO2E.PC,Honduras,HND,0.765247108,0.846158244,0.879009101,0.952572211,1.011540648,1.01274101,0.917915046,1.124259174,1.086643766,0.96592643,0.958912386,1.055908666,1.03974902,1.030266791,1.057648023
CO2 emissions (metric tons per capita),EN.ATM.CO2E.PC,"Hong Kong SAR, China",HKG,6.067468267,5.65317561,5.877226465,6.441820883,6.148515958,6.439263195,6.133325021,6.321536226,6.320723648,6.044701985,5.791126534,6.193079501,6.073287646,6.269078968,6.393600526
CO2 emissions (metric tons per capita),EN.ATM.CO2E.PC,Hungary,HUN,5.467296695,5.592875675,5.518941473,5.82981044,5.684910755,5.751848927,5.698187039,5.572459521,5.463501182,4.840111448,5.022311649,4.797900003,4.494128944,4.259659831,4.265574976
CO2 emissions (metric tons per capita),EN.ATM.CO2E.PC,Iceland,ISL,7.693782116,7.373427894,7.550227286,7.485457013,7.683682902,7.513584557,7.568614994,7.414833454,6.677481144,6.447492771,6.168528586,5.896828979,5.613991818,5.866946294,6.059657407
CO2 emissions (metric tons per capita),EN.ATM.CO2E.PC,India,IND,0.976601686,0.968514319,0.964275366,0.989271008,1.021862866,1.06531244,1.118603899,1.189651807,1.306253903,1.427780473,1.393273291,1.473080878,1.5946684,1.588600104,1.727670507
CO2 emissions (metric tons per capita),EN.ATM.CO2E.PC,Indonesia,IDN,1.24539825,1.375325404,1.411208735,1.437941508,1.512122784,1.511302112,1.504981339,1.616120599,1.769060263,1.870792581,1.772951392,2.462771503,2.564188865,1.946839151,1.81937838
CO2 emissions (metric tons per capita),EN.ATM.CO2E.PC,"Iran, Islamic Rep.",IRN,5.672323312,5.996135584,5.971039683,6.142390732,6.483369555,6.720066557,7.21905887,7.27992527,7.509406008,7.600675899,7.768594359,7.89249315,8.098482838,8.103586032,8.384101101
CO2 emissions (metric tons per capita),EN.ATM.CO2E.PC,Iraq,IRQ,3.083093518,3.525341062,3.499928425,3.553105717,4.33551491,4.216692239,3.59844793,2.22690329,3.281546097,3.608379714,3.772295829,4.373742453,4.789061252,4.99158936,4.89491703
CO2 emissions (metric tons per capita),EN.ATM.CO2E.PC,Ireland,IRL,10.83474264,11.38823116,11.04125081,10.6811767,10.75163663,10.4661517,10.0993731,10.14752888,9.577641293,8.889010942,8.783613934,7.77982216,7.738155591,7.538110297,7.313939808
CO2 emissions (metric tons per capita),EN.ATM.CO2E.PC,Isle of Man,IMN,..,..,..,..,..,..,..,..,..,..,..,..,..,..,..
CO2 emissions (metric tons per capita),EN.ATM.CO2E.PC,Israel,ISR,9.581779456,9.876810219,9.103871689,9.400877468,8.667993097,8.218088772,8.856488368,8.78433448,9.340093039,8.612472881,9.035223254,8.901888279,9.547967764,8.321785471,7.863181348
CO2 emissions (metric tons per capita),EN.ATM.CO2E.PC,Italy,ITA,7.912673166,7.904432663,7.932323042,8.17175128,8.216487201,8.166090128,8.072145596,7.917347216,7.60176497,6.795651486,6.83837457,6.702557614,6.205413858,5.732941879,5.270866786
CO2 emissions (metric tons per capita),EN.ATM.CO2E.PC,Jamaica,JAM,3.88289943,3.969027204,3.803386753,3.937092097,3.915930738,3.831609308,4.17369147,3.486543553,3.669799804,2.768772643,2.596489543,2.780813318,2.625615207,2.831022325,2.581445886
CO2 emissions (metric tons per capita),EN.ATM.CO2E.PC,Japan,JPN,9.622351624,9.464308709,9.573130135,9.725282059,9.909203497,9.698882518,9.632048618,9.782963899,9.449533972,8.620816388,9.148316038,9.317426666,9.63862829,9.780815065,9.538706103
CO2 emissions (metric tons per capita),EN.ATM.CO2E.PC,Jordan,JOR,3.02738198,3.067233546,3.175649449,3.214849384,3.44801213,3.65260392,3.52529066,3.522624567,3.256210728,3.175854385,2.916818597,2.827604409,3.021209828,2.862443049,2.965238308
CO2 emissions (metric tons per capita),EN.ATM.CO2E.PC,Kazakhstan,KAZ,7.934854181,8.873851074,9.000333671,9.538517359,11.52689249,11.7071662,12.58362425,14.35971247,14.85305787,13.25676292,15.22798733,15.64629686,14.46941789,15.42931652,14.36316974
CO2 emissions (metric tons per capita),EN.ATM.CO2E.PC,Kenya,KEN,0.325921833,0.285223579,0.236088309,0.194776581,0.21393672,0.233787564,0.254310303,0.25399794,0.257386809,0.30195391,0.28965606,0.311682104,0.282239706,0.292909589,0.305923722
CO2 emissions (metric tons per capita),EN.ATM.CO2E.PC,Kiribati,KIR,0.347599412,0.299001736,0.462023939,0.454066528,0.486237417,0.675212564,0.738507361,0.531851192,0.556950618,0.399653225,0.605662265,0.595246734,0.586058099,0.577801464,0.569873207
CO2 emissions (metric tons per capita),EN.ATM.CO2E.PC,"Korea, Dem. Peopleâ€™s Rep.",PRK,3.038151299,3.122175872,2.966034637,3.005259441,3.048837658,3.161507489,3.19688596,2.655309496,2.926040745,2.893268847,2.706986759,1.946795423,1.978061106,1.444473789,1.617371103
CO2 emissions (metric tons per capita),EN.ATM.CO2E.PC,"Korea, Rep.",KOR,9.52093176,9.503744234,9.77299975,9.734649494,10.03018386,9.607269847,9.716605676,10.18156704,10.34742286,10.32010949,11.43631663,11.80296873,11.63282456,11.74920084,11.57034541
CO2 emissions (metric tons per capita),EN.ATM.CO2E.PC,Kosovo,XKX,..,..,..,..,..,..,..,..,..,..,..,..,..,..,..
CO2 emissions (metric tons per capita),EN.ATM.CO2E.PC,Kuwait,KWT,26.18923263,27.40553716,27.24771864,27.72100585,28.8728348,31.51568145,31.07802552,30.0460336,31.14868474,30.94737447,29.95609021,28.73354924,30.55821471,27.88846601,25.84922928
CO2 emissions (metric tons per capita),EN.ATM.CO2E.PC,Kyrgyz Republic,KGZ,0.946245305,0.787517745,0.993404532,1.078294172,1.150808862,1.083209042,1.055464127,1.258434439,1.440269803,1.261546635,1.171873015,1.388440866,1.806948388,1.720789566,1.646395339
CO2 emissions (metric tons per capita),EN.ATM.CO2E.PC,Lao PDR,LAO,0.176334504,0.161333353,0.209609764,0.197269323,0.246098342,0.244182913,0.265330374,0.152972911,0.156465265,0.204563038,0.262298883,0.255921836,0.263451485,0.241054383,0.294364883
CO2 emissions (metric tons per capita),EN.ATM.CO2E.PC,Latvia,LVA,2.682622965,2.988928918,2.992111413,3.221510038,3.271442282,3.352846325,3.611860039,3.779785259,3.629405756,3.376490018,3.849593455,3.541113332,3.471747548,3.518240904,3.498192882
CO2 emissions (metric tons per capita),EN.ATM.CO2E.PC,Lebanon,LBN,3.96780298,4.05198345,3.82639971,4.142988236,3.676326844,3.449448291,3.037758682,2.823701625,3.615635351,4.336682162,4.047494872,3.929676494,4.086336812,3.817892305,3.843598231
CO2 emissions (metric tons per capita),EN.ATM.CO2E.PC,Lesotho,LSO,0.910975677,0.922271017,0.939409182,0.957470664,0.988986211,1.008551115,1.02458015,1.044591584,1.070318032,1.114768324,1.141124815,1.163902151,1.193828257,1.200327924,1.207715726
CO2 emissions (metric tons per capita),EN.ATM.CO2E.PC,Liberia,LBR,0.148046872,0.166347374,0.161241222,0.169224629,0.196468293,0.225618343,0.224698284,0.192781963,0.156524366,0.137727406,0.203546527,0.221803022,0.248269986,0.225285253,0.214493389
CO2 emissions (metric tons per capita),EN.ATM.CO2E.PC,Libya,LBY,8.793313638,8.836642938,8.647907853,8.747749285,8.819186138,8.986297415,9.0490347,8.361671805,9.245049472,9.452084811,9.997526326,6.355021474,8.381464264,8.902413296,8.95879433
CO2 emissions (metric tons per capita),EN.ATM.CO2E.PC,Liechtenstein,LIE,..,..,..,..,..,..,..,1.770139421,1.757463844,1.436952445,1.528171362,1.313503981,1.301952752,1.38999296,1.182172313
CO2 emissions (metric tons per capita),EN.ATM.CO2E.PC,Lithuania,LTU,3.475729068,3.712622788,3.817099115,3.754816757,3.922093528,4.184042091,4.329871871,4.693696086,4.69291649,3.958100057,4.348616303,4.553301311,4.629509672,4.273657237,4.378090123
CO2 emissions (metric tons per capita),EN.ATM.CO2E.PC,Luxembourg,LUX,18.88551226,19.93273314,21.1057455,21.93071098,24.5990264,24.82464668,24.01285765,22.95728271,22.38547222,20.87712517,21.6351358,21.10296963,20.08421949,18.49831971,17.36212137
CO2 emissions (metric tons per capita),EN.ATM.CO2E.PC,"Macao SAR, China",MAC,3.814594817,3.851732437,3.382502156,3.330992144,3.639030783,3.789588243,3.282335525,3.045469772,2.597736196,3.935894757,2.616273301,2.629594867,2.327473809,2.045083586,2.174572354
CO2 emissions (metric tons per capita),EN.ATM.CO2E.PC,North Macedonia,MKD,5.928994176,5.873397943,5.336934241,5.507394958,5.440652819,5.47485309,5.30197113,4.596564099,4.548023449,4.203943957,4.154446162,4.534899857,4.322378678,3.779926178,3.614451035
CO2 emissions (metric tons per capita),EN.ATM.CO2E.PC,Madagascar,MDG,0.118846962,0.107117169,0.073711326,0.098470636,0.101546442,0.094991068,0.089148783,0.093403772,0.094441905,0.08610778,0.09257807,0.107595178,0.121103033,0.135748254,0.130420845
CO2 emissions (metric tons per capita),EN.ATM.CO2E.PC,Malawi,MWI,0.077952988,0.07570084,0.072628342,0.076394681,0.075713727,0.069413617,0.070379542,0.066513784,0.076930686,0.066964582,0.078688757,0.078917602,0.071215422,0.077325412,0.078339597
CO2 emissions (metric tons per capita),EN.ATM.CO2E.PC,Malaysia,MYS,5.420915014,5.720175769,5.524647384,6.40746098,6.503479624,6.791853296,6.400395413,6.91670063,7.491255509,7.170571162,7.745175905,7.692763993,7.523944464,8.025773738,8.130210313
CO2 emissions (metric tons per capita),EN.ATM.CO2E.PC,Maldives,MDV,1.614331527,1.61380481,2.019314311,1.671867928,2.144134419,1.881642512,2.317859946,2.3303796,2.455685219,2.500713077,2.556735223,2.592472963,2.797073284,2.629413874,3.068372355
CO2 emissions (metric tons per capita),EN.ATM.CO2E.PC,Mali,MLI,0.075038791,0.073524788,0.072917727,0.070385669,0.070855206,0.070323187,0.071377113,0.073869367,0.075867656,0.055326539,0.064083885,0.067362072,0.062189497,0.062417537,0.083369355
CO2 emissions (metric tons per capita),EN.ATM.CO2E.PC,Malta,MLT,5.292462963,6.325824114,5.806537886,6.476880542,6.415248662,6.683221324,6.351303206,6.698844917,6.252313871,5.814186003,6.174949579,6.104795468,6.38190073,5.49231748,5.400613957
CO2 emissions (metric tons per capita),EN.ATM.CO2E.PC,Marshall Islands,MHL,1.517289618,1.568861577,1.610483101,1.577764891,1.615537117,1.526312932,1.643893342,1.766409163,1.762541389,1.825351111,1.821594578,1.816277794,1.81032142,1.803294812,1.795694223
CO2 emissions (metric tons per capita),EN.ATM.CO2E.PC,Mauritania,MRT,0.446137755,0.470858866,0.485747988,0.486426674,0.52274375,0.525036092,0.517307721,0.575953539,0.587389624,0.625681431,0.640167478,0.665402951,0.71627393,0.699300641,0.689388119
CO2 emissions (metric tons per capita),EN.ATM.CO2E.PC,Mauritius,MUS,2.267789393,2.39401331,2.395715333,2.523504784,2.53175545,2.683999401,2.94193012,2.97588958,3.029991456,2.97492202,3.132082534,3.129998786,3.15928885,3.233909584,3.353110472
CO2 emissions (metric tons per capita),EN.ATM.CO2E.PC,Mexico,MEX,4.028144635,4.117498953,4.075235494,4.270511506,4.2224472,4.399422979,4.455657766,4.401555404,4.451117906,4.232033444,4.069560416,4.187104495,4.232175308,4.126499656,3.990446149
CO2 emissions (metric tons per capita),EN.ATM.CO2E.PC,"Micronesia, Fed. Sts.",FSM,1.160853615,1.573922536,1.336195459,1.337807878,1.341270809,1.140225575,1.148427936,1.334169507,1.13328762,1.566865744,1.104614667,1.169753504,1.298289093,1.350121783,1.399279638
CO2 emissions (metric tons per capita),EN.ATM.CO2E.PC,Moldova,MDA,0.965214233,1.022913361,1.100182387,1.187528267,1.263730162,1.361666306,1.393071924,1.30813803,1.338363153,1.276290637,1.384630177,1.415302757,1.383552384,1.404532331,1.386829142
CO2 emissions (metric tons per capita),EN.ATM.CO2E.PC,Monaco,MCO,..,..,..,..,..,..,..,..,..,..,..,..,..,..,..
CO2 emissions (metric tons per capita),EN.ATM.CO2E.PC,Mongolia,MNG,3.131013866,3.258426641,3.391936466,3.254423472,3.425522685,3.389155977,3.671505548,4.651220979,4.574174607,4.900220884,5.081415981,7.76058183,9.284665021,13.44748545,7.088025678
CO2 emissions (metric tons per capita),EN.ATM.CO2E.PC,Montenegro,MNE,..,..,..,..,..,3.34904381,3.875533515,3.655836006,4.457679397,2.953556075,4.167664361,4.145547583,3.763898221,3.61855388,3.55607179
CO2 emissions (metric tons per capita),EN.ATM.CO2E.PC,Morocco,MAR,1.177518232,1.294879753,1.29874199,1.261163325,1.438174638,1.502894463,1.539548743,1.613007427,1.677409361,1.643708259,1.730134712,1.759680341,1.887117547,1.752379938,1.750794556
CO2 emissions (metric tons per capita),EN.ATM.CO2E.PC,Mozambique,MOZ,0.076189113,0.086735085,0.084619371,0.099210133,0.096507018,0.088928744,0.093935942,0.10439284,0.101730354,0.110515923,0.116251552,0.133262831,0.125514265,0.157234664,0.320578017
CO2 emissions (metric tons per capita),EN.ATM.CO2E.PC,Myanmar,MMR,0.215924263,0.18472781,0.19302763,0.204488464,0.256047135,0.236950746,0.26062666,0.259460989,0.196314065,0.20359911,0.247337326,0.280397344,0.215325359,0.248014679,0.41375859
CO2 emissions (metric tons per capita),EN.ATM.CO2E.PC,Namibia,NAM,0.915436614,1.10592804,0.950655217,0.99719017,1.028358088,1.191862025,1.183073042,1.176940704,1.627668966,1.47487463,1.464118206,1.312617743,1.542129431,1.177178074,1.651692817
CO2 emissions (metric tons per capita),EN.ATM.CO2E.PC,Nauru,NRU,8.15913708,7.897601566,7.622945951,6.604562738,6.665926076,6.329475074,4.477411477,4.471042471,4.448892933,4.058456585,4.3982009,4.010838222,3.924214418,4.066537289,4.021851008
CO2 emissions (metric tons per capita),EN.ATM.CO2E.PC,Nepal,NPL,0.128201199,0.134196524,0.106188288,0.113310454,0.105021436,0.119790518,0.098333647,0.099102169,0.128299599,0.161228574,0.187197028,0.204630508,0.21697773,0.246574529,0.298463303
CO2 emissions (metric tons per capita),EN.ATM.CO2E.PC,Netherlands,NLD,10.89472628,11.01778766,11.24924012,11.22973834,11.352269,11.12017757,10.98971528,10.78586295,10.76402402,10.42752306,11.01707086,10.4335386,10.16475883,10.31006279,9.920138075
CO2 emissions (metric tons per capita),EN.ATM.CO2E.PC,New Caledonia,NCL,10.47321202,8.689813366,10.86077024,12.15844489,11.06111475,12.15754575,11.5415228,12.30763218,11.8129516,12.09163245,14.18347147,14.34505603,14.01671815,16.09223971,16.00593173
CO2 emissions (metric tons per capita),EN.ATM.CO2E.PC,New Zealand,NZL,8.549394199,8.87715449,8.408514119,8.46272795,8.453612477,8.258489562,7.992808632,7.963774563,8.029041035,7.527296054,7.305005861,7.185948221,7.747276831,7.531957408,7.686575825
CO2 emissions (metric tons per capita),EN.ATM.CO2E.PC,Nicaragua,NIC,0.742181468,0.770407197,0.773541536,0.833579486,0.824999557,0.794258544,0.810046787,0.823918906,0.780318493,0.782477009,0.778851026,0.826824454,0.772319251,0.750644376,0.791576323
CO2 emissions (metric tons per capita),EN.ATM.CO2E.PC,Niger,NER,0.061485813,0.055856745,0.057456766,0.060015019,0.062020357,0.052483888,0.049000595,0.049191649,0.053138279,0.061104581,0.071272972,0.077561936,0.104888057,0.104832267,0.110542757
CO2 emissions (metric tons per capita),EN.ATM.CO2E.PC,Nigeria,NGA,0.621972951,0.683720342,0.728460657,0.770399931,0.770793842,0.763820709,0.693790023,0.649555753,0.639841493,0.497234248,0.577384688,0.587782871,0.589031156,0.571337669,0.545794085
CO2 emissions (metric tons per capita),EN.ATM.CO2E.PC,Northern Mariana Islands,MNP,..,..,..,..,..,..,..,..,..,..,..,..,..,..,..
CO2 emissions (metric tons per capita),EN.ATM.CO2E.PC,Norway,NOR,8.834015703,9.284992238,8.378534776,9.90643602,9.287466436,9.179216926,9.495835691,9.57484966,11.67958325,11.46182886,12.2934545,9.124767216,9.940980235,11.45011884,9.270945132
CO2 emissions (metric tons per capita),EN.ATM.CO2E.PC,Oman,OMN,9.654284685,8.839294071,10.90900689,13.57433263,11.4440194,11.90378182,15.34572401,16.44462693,15.52397542,14.2909405,15.59066447,16.6188198,16.91229861,16.30316736,15.18879511
CO2 emissions (metric tons per capita),EN.ATM.CO2E.PC,Pakistan,PAK,0.747833829,0.74177304,0.762850323,0.776618469,0.840018833,0.852356025,0.890578012,0.946883805,0.926721426,0.904916986,0.899517871,0.883365327,0.873000717,0.859160808,0.851472804
CO2 emissions (metric tons per capita),EN.ATM.CO2E.PC,Palau,PLW,13.05187124,13.05184154,12.69827367,12.77313342,12.73584336,13.16197361,13.51197544,13.58998852,13.52774808,13.43664206,14.09206349,14.25883347,14.34370748,14.57968874,14.77119029
CO2 emissions (metric tons per capita),EN.ATM.CO2E.PC,Panama,PAN,1.910747945,2.268102062,1.864247863,1.917461503,1.775536528,2.053606417,2.173170943,2.084249676,2.097243789,2.402514238,2.515679497,2.724663245,2.682204855,2.794633571,2.255854757
CO2 emissions (metric tons per capita),EN.ATM.CO2E.PC,Papua New Guinea,PNG,0.455899067,0.537041714,0.57182058,0.634011406,0.706363699,0.675257506,0.648231242,0.898907309,0.68754269,0.712893308,0.651587229,0.713063221,0.665547591,0.794289672,0.795074226
CO2 emissions (metric tons per capita),EN.ATM.CO2E.PC,Paraguay,PRY,0.693004454,0.703887523,0.704636257,0.722595825,0.713492721,0.657958763,0.674088976,0.689576784,0.73203771,0.740066308,0.815799245,0.840043758,0.822882056,0.834756314,0.864029477
CO2 emissions (metric tons per capita),EN.ATM.CO2E.PC,Peru,PER,1.145004464,1.013651521,1.003179591,0.963765168,1.154623518,1.332646084,1.24107777,1.516082277,1.435996772,1.795760065,1.984103239,1.696019193,1.866384305,1.91959048,2.051984358
CO2 emissions (metric tons per capita),EN.ATM.CO2E.PC,Philippines,PHL,0.939932651,0.891794024,0.876760177,0.860013617,0.87434296,0.866856478,0.770210952,0.807223734,0.867515185,0.839352462,0.903181401,0.894591011,0.938207479,0.992488921,1.05114223
CO2 emissions (metric tons per capita),EN.ATM.CO2E.PC,Poland,POL,7.822798329,7.877112224,7.712040984,7.911421984,7.97271581,7.927026686,8.362097463,8.244183742,8.258160054,7.800914342,8.313376825,8.328175875,7.879830064,7.946282506,7.517151585
CO2 emissions (metric tons per capita),EN.ATM.CO2E.PC,Portugal,PRT,6.096403385,6.056037979,6.410086691,5.853135645,6.02313785,6.215165476,5.684705076,5.705207852,5.268402206,5.126323978,4.552752646,4.510827218,4.37605313,4.344029312,4.331554028
CO2 emissions (metric tons per capita),EN.ATM.CO2E.PC,Puerto Rico,PRI,..,..,..,..,..,..,..,..,..,..,..,..,..,..,..
CO2 emissions (metric tons per capita),EN.ATM.CO2E.PC,Qatar,QAT,58.61946468,67.31049638,63.82809721,60.90080934,57.00557389,58.88108378,62.06618488,51.93367224,45.13478159,41.82722076,39.05970823,39.50920515,42.86037538,36.38791752,43.85730795
CO2 emissions (metric tons per capita),EN.ATM.CO2E.PC,Romania,ROU,4.040518655,4.366207979,4.47471788,4.684388286,4.517307494,4.524305495,4.876469678,4.895132266,4.692067363,4.005210952,3.922213561,4.212926221,4.074315455,3.550167079,3.516153691
CO2 emissions (metric tons per capita),EN.ATM.CO2E.PC,Russian Federation,RUS,10.62712053,10.6696034,10.71590102,11.09064748,11.12062698,11.25352867,11.66912207,11.67245657,12.01450651,11.02385623,11.69434812,12.334881,12.78497902,12.39355647,11.85752777
CO2 emissions (metric tons per capita),EN.ATM.CO2E.PC,Rwanda,RWA,0.066557755,0.064597852,0.063096145,0.060851257,0.060831351,0.059732484,0.058390835,0.060103365,0.056980845,0.058850305,0.058807364,0.064481265,0.069866303,0.074279222,0.075764224
CO2 emissions (metric tons per capita),EN.ATM.CO2E.PC,Samoa,WSM,0.81977484,0.836298121,0.831486279,0.867762728,0.841855647,0.897739349,0.912310091,0.946733243,0.980465233,1.013334706,1.00574351,1.075831204,1.047226688,1.038281852,1.030157995
CO2 emissions (metric tons per capita),EN.ATM.CO2E.PC,San Marino,SMR,..,..,..,..,..,..,..,..,..,..,..,..,..,..,..
CO2 emissions (metric tons per capita),EN.ATM.CO2E.PC,Sao Tome and Principe,STP,0.335092997,0.354654416,0.397919252,0.438825915,0.477048466,0.48902027,0.521650658,0.507161756,0.492876344,0.521247925,0.548918618,0.556437103,0.603368294,0.591799549,0.580793656
CO2 emissions (metric tons per capita),EN.ATM.CO2E.PC,Saudi Arabia,SAU,14.36980164,14.01778217,14.96915013,14.57351967,17.11147523,16.69630041,17.66403491,15.39742391,16.61645475,17.61021255,18.90824847,17.68372988,19.37365993,18.00340041,19.44066648
CO2 emissions (metric tons per capita),EN.ATM.CO2E.PC,Senegal,SEN,0.40196621,0.431514759,0.438598018,0.47205185,0.484067421,0.524087845,0.415596435,0.443350349,0.424289035,0.371602658,0.610870294,0.642029816,0.590463462,0.611148042,0.624760004
CO2 emissions (metric tons per capita),EN.ATM.CO2E.PC,Serbia,SRB,..,..,..,..,..,..,7.286928854,7.106397561,7.087822517,6.308347973,6.302577983,6.803677141,6.120600182,6.265110693,5.282521917
CO2 emissions (metric tons per capita),EN.ATM.CO2E.PC,Seychelles,SYC,7.050966955,7.812504618,6.43848166,6.644640678,8.936853592,8.320210481,8.669030733,7.546775958,7.970272322,6.006792825,4.942709146,3.900126943,4.983296151,4.484430066,5.418677963
CO2 emissions (metric tons per capita),EN.ATM.CO2E.PC,Sierra Leone,SLE,0.092783381,0.119557508,0.122583706,0.125498407,0.118094601,0.096779913,0.125814065,0.107139285,0.108211601,0.104057657,0.113171356,0.136885898,0.153506825,0.1736274,0.186560088
CO2 emissions (metric tons per capita),EN.ATM.CO2E.PC,Singapore,SGP,12.16662434,11.97221516,11.3102312,7.566013727,6.833825574,7.116921432,6.997632098,4.342606098,7.466761968,11.21442253,10.96040878,8.72379742,6.846758465,10.31198193,10.30633191
CO2 emissions (metric tons per capita),EN.ATM.CO2E.PC,Sint Maarten (Dutch part),SXM,..,..,..,..,..,..,..,..,..,..,..,..,20.11345266,19.53355916,19.46132413
CO2 emissions (metric tons per capita),EN.ATM.CO2E.PC,Slovak Republic,SVK,6.659329488,7.317137791,7.300020532,7.349868072,7.212801455,7.325390806,7.277962961,6.843273815,7.010558568,6.319073237,6.721959562,6.395396289,6.059022901,6.11280356,5.661581328
CO2 emissions (metric tons per capita),EN.ATM.CO2E.PC,Slovenia,SVN,7.23840366,7.611741112,7.731011817,7.772287175,7.884828934,7.931674693,8.094608116,8.049468764,8.58644121,7.491602314,7.485854369,7.350637628,7.185481044,6.869551393,6.213686845
CO2 emissions (metric tons per capita),EN.ATM.CO2E.PC,Solomon Islands,SLB,0.364336257,0.371938275,0.362125429,0.360943767,0.351874104,0.343353521,0.343010905,0.365111393,0.37153727,0.377247996,0.375132847,0.365670029,0.356106491,0.353006555,0.343539796
CO2 emissions (metric tons per capita),EN.ATM.CO2E.PC,Somalia,SOM,0.054143738,0.05468532,0.061751277,0.060522574,0.058641634,0.056864343,0.05518945,0.054938209,0.052766349,0.051010131,0.050846475,0.04888819,0.047872402,0.046596425,0.045347231
CO2 emissions (metric tons per capita),EN.ATM.CO2E.PC,South Africa,ZAF,8.420829921,8.163976697,7.727642398,8.657235861,9.519375403,8.707407369,9.236950117,9.498785998,9.979458339,9.967159109,9.25668097,9.048936362,8.872523387,8.686590251,8.979062348
CO2 emissions (metric tons per capita),EN.ATM.CO2E.PC,South Sudan,SSD,..,..,..,..,..,..,..,..,..,..,..,..,0.13161632,0.139880248,0.141748232
CO2 emissions (metric tons per capita),EN.ATM.CO2E.PC,Spain,ESP,7.257824346,7.290748328,7.591280782,7.611166445,7.908050681,8.097058048,7.88419571,7.920890716,7.165531607,6.216973378,5.816416366,5.788018458,5.660938803,5.084398353,5.033824487
CO2 emissions (metric tons per capita),EN.ATM.CO2E.PC,Sri Lanka,LKA,0.545238127,0.552229542,0.579987695,0.576258098,0.634395262,0.619140825,0.608064532,0.622623506,0.610861328,0.65473331,0.654610165,0.742076616,0.784926512,0.752460918,0.885247473
CO2 emissions (metric tons per capita),EN.ATM.CO2E.PC,St. Kitts and Nevis,KNA,3.910446068,3.946635575,4.384324145,4.328640755,4.591270184,4.226006787,4.260440651,4.528297543,4.49004877,4.602707875,4.488738371,4.672093352,4.41036743,4.444318611,4.549986213
CO2 emissions (metric tons per capita),EN.ATM.CO2E.PC,St. Lucia,LCA,2.105736654,2.295077096,2.047549438,2.238622064,2.198169526,2.243952588,2.217304285,2.296810408,2.329472799,2.235702963,2.317086481,2.318717814,2.304252573,2.292998259,2.282928389
CO2 emissions (metric tons per capita),EN.ATM.CO2E.PC,St. Martin (French part),MAF,..,..,..,..,..,..,..,..,..,..,..,..,..,..,..
CO2 emissions (metric tons per capita),EN.ATM.CO2E.PC,St. Vincent and the Grenadines,VCT,1.360869888,1.665335138,1.730085016,1.827982202,2.02760985,2.02570571,2.025910886,2.095081,2.097497071,2.878415692,2.032423445,1.828150966,2.33340711,1.924278691,1.920054014
CO2 emissions (metric tons per capita),EN.ATM.CO2E.PC,Sudan,SDN,0.159133714,0.178055693,0.220598608,0.239590405,0.29422066,0.273950845,0.291193188,0.332724015,0.341440489,0.346451108,0.345245386,0.330142237,0.300706838,0.309687395,0.299732598
CO2 emissions (metric tons per capita),EN.ATM.CO2E.PC,Suriname,SUR,4.664057042,4.97059669,3.246983317,3.163914974,3.164286915,3.193713661,3.454401884,3.450494052,3.758312819,3.827451535,4.539301232,3.679477334,4.17347412,3.504243629,3.598912291
CO2 emissions (metric tons per capita),EN.ATM.CO2E.PC,Eswatini,SWZ,1.181685539,1.128742937,1.104714251,1.018210758,1.004034938,0.989177928,0.980375295,1.01992803,1.044276605,0.988300344,0.974572634,0.978293558,1.117813781,1.002079425,1.098404505
CO2 emissions (metric tons per capita),EN.ATM.CO2E.PC,Sweden,SWE,5.562430083,5.747026066,6.434228598,6.115194532,6.062241404,5.710313512,5.459003216,5.253521937,5.328098275,4.63141136,5.547348052,5.474957121,4.942300828,4.671420785,4.478182178
CO2 emissions (metric tons per capita),EN.ATM.CO2E.PC,Switzerland,CHE,5.435484985,5.93984844,5.586512817,5.474267138,5.46256894,5.558350382,5.592175318,5.03057402,5.283044324,5.377973641,4.983428945,4.672038363,4.723574287,4.972835876,4.311562994
CO2 emissions (metric tons per capita),EN.ATM.CO2E.PC,Syrian Arab Republic,SYR,3.11019717,2.909268872,2.286531603,3.116543213,2.866491678,2.757263587,2.81134785,3.343756549,3.275343328,2.939358639,2.883815863,2.69924891,2.188087381,1.860624448,1.640539063
CO2 emissions (metric tons per capita),EN.ATM.CO2E.PC,Tajikistan,TJK,0.359837081,0.362723793,0.292704206,0.317283052,0.384731813,0.359715206,0.384043566,0.45794198,0.402814452,0.333103228,0.338084867,0.305364592,0.37252844,0.431772052,0.628730158
CO2 emissions (metric tons per capita),EN.ATM.CO2E.PC,Tanzania,TZA,0.07914346,0.09096621,0.101599393,0.104748991,0.116740428,0.143150096,0.152433674,0.144944224,0.146753792,0.137404486,0.160252602,0.177194603,0.202862863,0.230538234,0.231426985
CO2 emissions (metric tons per capita),EN.ATM.CO2E.PC,Thailand,THA,2.879479006,3.062682065,3.251525498,3.479084124,3.741626083,3.782970222,3.829780667,3.814436334,3.794376677,4.002028449,4.195642184,4.122106569,4.372282402,4.403714762,4.620377146
CO2 emissions (metric tons per capita),EN.ATM.CO2E.PC,Timor-Leste,TLS,..,..,0.174866207,0.170358607,0.181106356,0.176876504,0.176778181,0.176911825,0.191092549,0.211634429,0.214616428,0.22071489,0.258924584,0.381550254,0.399696508
CO2 emissions (metric tons per capita),EN.ATM.CO2E.PC,Togo,TGO,0.276268469,0.229614541,0.237079979,0.274476099,0.255520628,0.238514053,0.211892491,0.237845036,0.276678743,0.445260993,0.411144811,0.373596922,0.367035258,0.382269109,0.36731663
CO2 emissions (metric tons per capita),EN.ATM.CO2E.PC,Tonga,TON,0.973145663,0.893600171,1.036900891,1.178282742,1.097706999,1.126574501,1.261921617,1.108168179,1.170556883,1.270690153,1.1284596,0.991444738,1.035099331,1.117021068,1.19779665
CO2 emissions (metric tons per capita),EN.ATM.CO2E.PC,Trinidad and Tobago,TTO,18.81317173,20.72512252,22.40889734,24.92074069,25.91383845,29.4264629,32.76356808,34.75442871,33.76743457,33.98747928,36.09165552,35.12550948,33.77371196,34.38100318,33.96641445
CO2 emissions (metric tons per capita),EN.ATM.CO2E.PC,Tunisia,TUN,2.052131516,2.125563118,2.113365672,2.136350551,2.224946187,2.242265111,2.253858217,2.339754109,2.383767796,2.355086515,2.600803611,2.422390866,2.489516274,2.526032939,2.605932406
CO2 emissions (metric tons per capita),EN.ATM.CO2E.PC,Turkey,TUR,3.417941997,3.03078185,3.157334228,3.306488747,3.36395109,3.496000757,3.80492901,4.090983743,4.032738479,3.895674046,4.120210591,4.368513377,4.414565434,4.277329965,4.479773496
CO2 emissions (metric tons per capita),EN.ATM.CO2E.PC,Turkmenistan,TKM,8.312217333,8.342192944,8.669542224,9.579936221,9.895300018,10.16656003,10.29328732,11.50742063,11.51415089,10.05212428,11.26147873,12.07311921,12.31475484,12.43590562,12.51709612
CO2 emissions (metric tons per capita),EN.ATM.CO2E.PC,Turks and Caicos Islands,TCA,3.455316405,3.399619895,4.261751033,4.105233697,3.845543071,4.294215756,4.865877309,5.430804673,5.758701365,5.626698816,5.838456828,5.713035923,5.812775201,5.701477067,5.805988295
CO2 emissions (metric tons per capita),EN.ATM.CO2E.PC,Tuvalu,TUV,0.780711092,0.773302404,1.146415173,1.131091919,1.114702604,1.1001,0.724703557,1.076313472,1.066608493,1.055353031,0.69648623,0.68973949,1.024397057,1.013263332,1.002643092
CO2 emissions (metric tons per capita),EN.ATM.CO2E.PC,Uganda,UGA,0.060470173,0.061946205,0.061924706,0.0615388,0.064805143,0.078414179,0.088814596,0.097997791,0.104834308,0.107636295,0.120883274,0.127392876,0.117779745,0.136426459,0.141664527
CO2 emissions (metric tons per capita),EN.ATM.CO2E.PC,Ukraine,UKR,6.525618775,6.609491317,6.611440672,7.371051211,7.236767886,7.087901917,6.976804954,6.907396814,6.723649839,5.647810472,6.641349685,6.265962311,6.487602806,5.976641848,5.020747064
CO2 emissions (metric tons per capita),EN.ATM.CO2E.PC,United Arab Emirates,ARE,35.91576427,30.70638223,24.34879643,28.78331607,27.83302905,25.3144861,23.37186043,21.98593349,22.19548989,21.21405954,18.80851973,18.49161681,19.29492038,18.55923617,22.93960631
CO2 emissions (metric tons per capita),EN.ATM.CO2E.PC,United Kingdom,GBR,9.199549233,9.233174987,8.904123108,9.053277839,8.989140127,8.982938536,8.89871022,8.617163681,8.424423983,7.574622131,7.857836486,7.079297626,7.355898277,7.145844359,6.49744049
CO2 emissions (metric tons per capita),EN.ATM.CO2E.PC,United States,USA,20.17875051,19.63650507,19.61340408,19.56410453,19.65837118,19.59188523,19.09406652,19.21789784,18.46176387,17.15773779,17.44286171,16.97695728,16.3104711,16.32347679,16.50283724
CO2 emissions (metric tons per capita),EN.ATM.CO2E.PC,Uruguay,URY,1.598364749,1.530547985,1.389165494,1.383537104,1.689161686,1.738671739,1.999238889,1.801720058,2.474512315,2.406222572,1.901575191,2.304301301,2.573105623,2.238430313,1.984240835
CO2 emissions (metric tons per capita),EN.ATM.CO2E.PC,Uzbekistan,UZB,4.942262235,4.945160899,5.078720671,4.972777084,4.879862552,4.480783353,4.541206044,4.473745459,4.538017932,3.858171993,3.647048882,3.874800916,3.889733195,3.417442433,3.420722746
CO2 emissions (metric tons per capita),EN.ATM.CO2E.PC,Vanuatu,VUT,0.455966308,0.465111855,0.434926774,0.423911459,0.287428905,0.280349003,0.222377198,0.451123606,0.424300413,0.525570366,0.512300443,0.544036134,0.455621065,0.414374501,0.583633966
CO2 emissions (metric tons per capita),EN.ATM.CO2E.PC,"Venezuela, RB",VEN,6.30041799,7.002517642,7.701743573,7.518235592,5.836654063,6.245947415,6.313340194,5.900956047,6.481245616,6.41394475,6.648063252,6.120897306,6.76939679,6.175285428,6.164731034
CO2 emissions (metric tons per capita),EN.ATM.CO2E.PC,Vietnam,VNM,0.671308552,0.757220692,0.868419917,0.957054376,1.090129494,1.170708252,1.214236115,1.227733963,1.368139953,1.476993533,1.622618922,1.712240646,1.583708122,1.622307629,1.819893977
CO2 emissions (metric tons per capita),EN.ATM.CO2E.PC,Virgin Islands (U.S.),VIR,..,..,..,..,..,..,..,..,..,..,..,..,..,..,..
CO2 emissions (metric tons per capita),EN.ATM.CO2E.PC,West Bank and Gaza,PSE,0.271057676,0.450151178,0.375598342,0.405640436,0.576681705,0.826080986,0.665291777,0.665297084,0.571696311,0.5665855,0.537532609,0.57890268,0.552814348,0.598167688,..
CO2 emissions (metric tons per capita),EN.ATM.CO2E.PC,"Yemen, Rep.",YEM,0.841074757,0.904554225,0.85473309,0.911486595,0.966289064,0.996837633,1.030386492,0.985389791,1.020428239,1.090827155,1.01197481,0.826044243,0.762822752,1.013899888,0.878995612
CO2 emissions (metric tons per capita),EN.ATM.CO2E.PC,Zambia,ZMB,0.174972043,0.178339467,0.180814948,0.187637934,0.185720846,0.192995979,0.188267332,0.154270853,0.168958161,0.189799593,0.197823105,0.209457789,0.253506348,0.265078347,0.292412222
CO2 emissions (metric tons per capita),EN.ATM.CO2E.PC,Zimbabwe,ZWE,1.171874423,1.056376707,1.00093113,0.889342579,0.78923448,0.891798247,0.859470259,0.80664939,0.627678197,0.447289081,0.612527695,0.741686182,0.594151519,0.874563045,0.884721294
